,url
0,https://www.douguo.com/cookbook/755193.html
1,https://www.douguo.com/cookbook/1048927.html
2,https://www.douguo.com/cookbook/1162296.html
3,https://www.douguo.com/cookbook/1282734.html
4,https://www.douguo.com/cookbook/1254193.html
5,https://www.douguo.com/cookbook/1098750.html
6,https://www.douguo.com/cookbook/1059612.html
7,https://www.douguo.com/cookbook/203381.html
8,https://www.douguo.com/cookbook/85930.html
9,https://www.douguo.com/cookbook/1398894.html
10,https://www.douguo.com/cookbook/1103027.html
11,https://www.douguo.com/cookbook/328.html
12,https://www.douguo.com/cookbook/743877.html
13,https://www.douguo.com/cookbook/200614.html
14,https://www.douguo.com/cookbook/295.html
15,https://www.douguo.com/cookbook/1112182.html
16,https://www.douguo.com/cookbook/788924.html
17,https://www.douguo.com/cookbook/215593.html
18,https://www.douguo.com/cookbook/1283264.html
19,https://www.douguo.com/cookbook/1044939.html
20,https://www.douguo.com/cookbook/1042807.html
21,https://www.douguo.com/cookbook/8510.html
22,https://www.douguo.com/cookbook/994724.html
23,https://www.douguo.com/cookbook/294.html
24,https://www.douguo.com/cookbook/89164.html
25,https://www.douguo.com/cookbook/1427108.html
26,https://www.douguo.com/cookbook/214031.html
27,https://www.douguo.com/cookbook/225348.html
28,https://www.douguo.com/cookbook/6660.html
29,https://www.douguo.com/cookbook/994651.html
30,https://www.douguo.com/cookbook/1414119.html
31,https://www.douguo.com/cookbook/1416647.html
32,https://www.douguo.com/cookbook/1209399.html
33,https://www.douguo.com/cookbook/1221409.html
34,https://www.douguo.com/cookbook/770.html
35,https://www.douguo.com/cookbook/1671059.html
36,https://www.douguo.com/cookbook/741835.html
37,https://www.douguo.com/cookbook/1413409.html
38,https://www.douguo.com/cookbook/1654.html
39,https://www.douguo.com/cookbook/975209.html
40,https://www.douguo.com/cookbook/1274725.html
41,https://www.douguo.com/cookbook/1333329.html
42,https://www.douguo.com/cookbook/1420499.html
43,https://www.douguo.com/cookbook/1367780.html
44,https://www.douguo.com/cookbook/1311064.html
45,https://www.douguo.com/cookbook/1164878.html
46,https://www.douguo.com/cookbook/996759.html
47,https://www.douguo.com/cookbook/243347.html
48,https://www.douguo.com/cookbook/1071448.html
49,https://www.douguo.com/cookbook/205983.html
50,https://www.douguo.com/cookbook/175053.html
51,https://www.douguo.com/cookbook/779553.html
52,https://www.douguo.com/cookbook/212112.html
53,https://www.douguo.com/cookbook/329.html
54,https://www.douguo.com/cookbook/734594.html
55,https://www.douguo.com/cookbook/1425221.html
56,https://www.douguo.com/cookbook/1087971.html
57,https://www.douguo.com/cookbook/162923.html
58,https://www.douguo.com/cookbook/1309888.html
59,https://www.douguo.com/cookbook/1201598.html
60,https://www.douguo.com/cookbook/724627.html
61,https://www.douguo.com/cookbook/1141780.html
62,https://www.douguo.com/cookbook/983568.html
63,https://www.douguo.com/cookbook/1352858.html
64,https://www.douguo.com/cookbook/728593.html
65,https://www.douguo.com/cookbook/1076331.html
66,https://www.douguo.com/cookbook/1370244.html
67,https://www.douguo.com/cookbook/1055742.html
68,https://www.douguo.com/cookbook/1353078.html
69,https://www.douguo.com/cookbook/1300264.html
70,https://www.douguo.com/cookbook/806699.html
71,https://www.douguo.com/cookbook/1417212.html
72,https://www.douguo.com/cookbook/1391088.html
73,https://www.douguo.com/cookbook/1112775.html
74,https://www.douguo.com/cookbook/1330319.html
75,https://www.douguo.com/cookbook/487846.html
76,https://www.douguo.com/cookbook/1399172.html
77,https://www.douguo.com/cookbook/1219267.html
78,https://www.douguo.com/cookbook/1132422.html
79,https://www.douguo.com/cookbook/1065786.html
80,https://www.douguo.com/cookbook/1375823.html
81,https://www.douguo.com/cookbook/198570.html
82,https://www.douguo.com/cookbook/1420073.html
83,https://www.douguo.com/cookbook/1065931.html
84,https://www.douguo.com/cookbook/1322547.html
85,https://www.douguo.com/cookbook/1101446.html
86,https://www.douguo.com/cookbook/965736.html
87,https://www.douguo.com/cookbook/186988.html
88,https://www.douguo.com/cookbook/724049.html
89,https://www.douguo.com/cookbook/960969.html
90,https://www.douguo.com/cookbook/1655790.html
91,https://www.douguo.com/cookbook/785928.html
92,https://www.douguo.com/cookbook/1076285.html
93,https://www.douguo.com/cookbook/1662828.html
94,https://www.douguo.com/cookbook/1246694.html
95,https://www.douguo.com/cookbook/1664696.html
96,https://www.douguo.com/cookbook/179032.html
97,https://www.douguo.com/cookbook/1154064.html
98,https://www.douguo.com/cookbook/215323.html
99,https://www.douguo.com/cookbook/1203699.html
100,https://www.douguo.com/cookbook/152808.html
101,https://www.douguo.com/cookbook/1671931.html
102,https://www.douguo.com/cookbook/973959.html
103,https://www.douguo.com/cookbook/1420637.html
104,https://www.douguo.com/cookbook/9830.html
105,https://www.douguo.com/cookbook/817716.html
106,https://www.douguo.com/cookbook/1086694.html
107,https://www.douguo.com/cookbook/1315291.html
108,https://www.douguo.com/cookbook/6977.html
109,https://www.douguo.com/cookbook/1060702.html
110,https://www.douguo.com/cookbook/149336.html
111,https://www.douguo.com/cookbook/1420763.html
112,https://www.douguo.com/cookbook/1359346.html
113,https://www.douguo.com/cookbook/208025.html
114,https://www.douguo.com/cookbook/732273.html
115,https://www.douguo.com/cookbook/790998.html
116,https://www.douguo.com/cookbook/1188946.html
117,https://www.douguo.com/cookbook/791302.html
118,https://www.douguo.com/cookbook/1390547.html
119,https://www.douguo.com/cookbook/994011.html
120,https://www.douguo.com/cookbook/182016.html
121,https://www.douguo.com/cookbook/1302108.html
122,https://www.douguo.com/cookbook/1668394.html
123,https://www.douguo.com/cookbook/1087774.html
124,https://www.douguo.com/cookbook/708320.html
125,https://www.douguo.com/cookbook/1358521.html
126,https://www.douguo.com/cookbook/1255304.html
127,https://www.douguo.com/cookbook/9626.html
128,https://www.douguo.com/cookbook/1080628.html
129,https://www.douguo.com/cookbook/1254191.html
130,https://www.douguo.com/cookbook/83447.html
131,https://www.douguo.com/cookbook/809327.html
132,https://www.douguo.com/cookbook/1366268.html
133,https://www.douguo.com/cookbook/186414.html
134,https://www.douguo.com/cookbook/1355968.html
135,https://www.douguo.com/cookbook/81788.html
136,https://www.douguo.com/cookbook/176621.html
137,https://www.douguo.com/cookbook/992339.html
138,https://www.douguo.com/cookbook/703749.html
139,https://www.douguo.com/cookbook/1408794.html
140,https://www.douguo.com/cookbook/781889.html
141,https://www.douguo.com/cookbook/821549.html
142,https://www.douguo.com/cookbook/1171470.html
143,https://www.douguo.com/cookbook/1059102.html
144,https://www.douguo.com/cookbook/1265118.html
145,https://www.douguo.com/cookbook/812618.html
146,https://www.douguo.com/cookbook/79319.html
147,https://www.douguo.com/cookbook/265586.html
148,https://www.douguo.com/cookbook/210539.html
149,https://www.douguo.com/cookbook/221198.html
150,https://www.douguo.com/cookbook/219100.html
151,https://www.douguo.com/cookbook/1405.html
152,https://www.douguo.com/cookbook/563484.html
153,https://www.douguo.com/cookbook/1241350.html
154,https://www.douguo.com/cookbook/504.html
155,https://www.douguo.com/cookbook/1274059.html
156,https://www.douguo.com/cookbook/1172714.html
157,https://www.douguo.com/cookbook/699322.html
158,https://www.douguo.com/cookbook/1346514.html
159,https://www.douguo.com/cookbook/1424917.html
160,https://www.douguo.com/cookbook/227047.html
161,https://www.douguo.com/cookbook/1242271.html
162,https://www.douguo.com/cookbook/712547.html
163,https://www.douguo.com/cookbook/202595.html
164,https://www.douguo.com/cookbook/1139357.html
165,https://www.douguo.com/cookbook/968566.html
166,https://www.douguo.com/cookbook/1086310.html
167,https://www.douguo.com/cookbook/128180.html
168,https://www.douguo.com/cookbook/1415070.html
169,https://www.douguo.com/cookbook/57786.html
170,https://www.douguo.com/cookbook/993612.html
171,https://www.douguo.com/cookbook/366091.html
172,https://www.douguo.com/cookbook/184544.html
173,https://www.douguo.com/cookbook/487733.html
174,https://www.douguo.com/cookbook/1404986.html
175,https://www.douguo.com/cookbook/810928.html
176,https://www.douguo.com/cookbook/809717.html
177,https://www.douguo.com/cookbook/247535.html
178,https://www.douguo.com/cookbook/1360542.html
179,https://www.douguo.com/cookbook/174014.html
180,https://www.douguo.com/cookbook/84534.html
181,https://www.douguo.com/cookbook/114907.html
182,https://www.douguo.com/cookbook/774231.html
183,https://www.douguo.com/cookbook/1424368.html
184,https://www.douguo.com/cookbook/986802.html
185,https://www.douguo.com/cookbook/808709.html
186,https://www.douguo.com/cookbook/333649.html
187,https://www.douguo.com/cookbook/1078295.html
188,https://www.douguo.com/cookbook/1068424.html
189,https://www.douguo.com/cookbook/239198.html
190,https://www.douguo.com/cookbook/1300921.html
191,https://www.douguo.com/cookbook/1215918.html
192,https://www.douguo.com/cookbook/1172609.html
193,https://www.douguo.com/cookbook/1418272.html
194,https://www.douguo.com/cookbook/1194041.html
195,https://www.douguo.com/cookbook/1059629.html
196,https://www.douguo.com/cookbook/1195989.html
197,https://www.douguo.com/cookbook/1228725.html
198,https://www.douguo.com/cookbook/186423.html
199,https://www.douguo.com/cookbook/1354214.html
200,https://www.douguo.com/cookbook/778511.html
201,https://www.douguo.com/cookbook/1417928.html
202,https://www.douguo.com/cookbook/1217283.html
203,https://www.douguo.com/cookbook/1385946.html
204,https://www.douguo.com/cookbook/1353019.html
205,https://www.douguo.com/cookbook/1188920.html
206,https://www.douguo.com/cookbook/1259328.html
207,https://www.douguo.com/cookbook/179675.html
208,https://www.douguo.com/cookbook/1335688.html
209,https://www.douguo.com/cookbook/187992.html
210,https://www.douguo.com/cookbook/1423895.html
211,https://www.douguo.com/cookbook/791134.html
212,https://www.douguo.com/cookbook/1105527.html
213,https://www.douguo.com/cookbook/981562.html
214,https://www.douguo.com/cookbook/227865.html
215,https://www.douguo.com/cookbook/1349272.html
216,https://www.douguo.com/cookbook/1252477.html
217,https://www.douguo.com/cookbook/1150173.html
218,https://www.douguo.com/cookbook/1254803.html
219,https://www.douguo.com/cookbook/1325957.html
220,https://www.douguo.com/cookbook/989570.html
221,https://www.douguo.com/cookbook/752890.html
222,https://www.douguo.com/cookbook/1152875.html
223,https://www.douguo.com/cookbook/1414153.html
224,https://www.douguo.com/cookbook/1342897.html
225,https://www.douguo.com/cookbook/1241071.html
226,https://www.douguo.com/cookbook/1385338.html
227,https://www.douguo.com/cookbook/992229.html
228,https://www.douguo.com/cookbook/1228990.html
229,https://www.douguo.com/cookbook/1069957.html
230,https://www.douguo.com/cookbook/1064960.html
231,https://www.douguo.com/cookbook/748009.html
232,https://www.douguo.com/cookbook/1064888.html
233,https://www.douguo.com/cookbook/1312122.html
234,https://www.douguo.com/cookbook/1257340.html
235,https://www.douguo.com/cookbook/1423280.html
236,https://www.douguo.com/cookbook/1069475.html
237,https://www.douguo.com/cookbook/1085786.html
238,https://www.douguo.com/cookbook/1312216.html
239,https://www.douguo.com/cookbook/1121240.html
240,https://www.douguo.com/cookbook/243679.html
241,https://www.douguo.com/cookbook/1285555.html
242,https://www.douguo.com/cookbook/1060080.html
243,https://www.douguo.com/cookbook/1418887.html
244,https://www.douguo.com/cookbook/1156842.html
245,https://www.douguo.com/cookbook/228194.html
246,https://www.douguo.com/cookbook/1223156.html
247,https://www.douguo.com/cookbook/1232663.html
248,https://www.douguo.com/cookbook/86036.html
249,https://www.douguo.com/cookbook/179790.html
250,https://www.douguo.com/cookbook/1045218.html
251,https://www.douguo.com/cookbook/184433.html
252,https://www.douguo.com/cookbook/706800.html
253,https://www.douguo.com/cookbook/1343818.html
254,https://www.douguo.com/cookbook/976252.html
255,https://www.douguo.com/cookbook/198061.html
256,https://www.douguo.com/cookbook/184684.html
257,https://www.douguo.com/cookbook/1309016.html
258,https://www.douguo.com/cookbook/80948.html
259,https://www.douguo.com/cookbook/241892.html
260,https://www.douguo.com/cookbook/753930.html
261,https://www.douguo.com/cookbook/1129467.html
262,https://www.douguo.com/cookbook/8099.html
263,https://www.douguo.com/cookbook/1381706.html
264,https://www.douguo.com/cookbook/1424177.html
265,https://www.douguo.com/cookbook/1172006.html
266,https://www.douguo.com/cookbook/1053081.html
267,https://www.douguo.com/cookbook/1325874.html
268,https://www.douguo.com/cookbook/1043872.html
269,https://www.douguo.com/cookbook/213547.html
270,https://www.douguo.com/cookbook/84943.html
271,https://www.douguo.com/cookbook/1320268.html
272,https://www.douguo.com/cookbook/232568.html
273,https://www.douguo.com/cookbook/1383769.html
274,https://www.douguo.com/cookbook/1087521.html
275,https://www.douguo.com/cookbook/1258154.html
276,https://www.douguo.com/cookbook/1102865.html
277,https://www.douguo.com/cookbook/177113.html
278,https://www.douguo.com/cookbook/1100378.html
279,https://www.douguo.com/cookbook/1424219.html
280,https://www.douguo.com/cookbook/1256292.html
281,https://www.douguo.com/cookbook/728258.html
282,https://www.douguo.com/cookbook/965658.html
283,https://www.douguo.com/cookbook/186004.html
284,https://www.douguo.com/cookbook/1333960.html
285,https://www.douguo.com/cookbook/187327.html
286,https://www.douguo.com/cookbook/1300865.html
287,https://www.douguo.com/cookbook/697685.html
288,https://www.douguo.com/cookbook/205272.html
289,https://www.douguo.com/cookbook/786640.html
290,https://www.douguo.com/cookbook/197837.html
291,https://www.douguo.com/cookbook/1148734.html
292,https://www.douguo.com/cookbook/737288.html
293,https://www.douguo.com/cookbook/1407818.html
294,https://www.douguo.com/cookbook/707176.html
295,https://www.douguo.com/cookbook/749266.html
296,https://www.douguo.com/cookbook/963447.html
297,https://www.douguo.com/cookbook/1335459.html
298,https://www.douguo.com/cookbook/86428.html
299,https://www.douguo.com/cookbook/190149.html
300,https://www.douguo.com/cookbook/1069975.html
301,https://www.douguo.com/cookbook/793221.html
302,https://www.douguo.com/cookbook/1423205.html
303,https://www.douguo.com/cookbook/90432.html
304,https://www.douguo.com/cookbook/183813.html
305,https://www.douguo.com/cookbook/186494.html
306,https://www.douguo.com/cookbook/1330914.html
307,https://www.douguo.com/cookbook/187818.html
308,https://www.douguo.com/cookbook/152959.html
309,https://www.douguo.com/cookbook/790935.html
310,https://www.douguo.com/cookbook/1365060.html
311,https://www.douguo.com/cookbook/201563.html
312,https://www.douguo.com/cookbook/1062445.html
313,https://www.douguo.com/cookbook/82438.html
314,https://www.douguo.com/cookbook/187720.html
315,https://www.douguo.com/cookbook/1422226.html
316,https://www.douguo.com/cookbook/1211342.html
317,https://www.douguo.com/cookbook/786300.html
318,https://www.douguo.com/cookbook/813754.html
319,https://www.douguo.com/cookbook/152780.html
320,https://www.douguo.com/cookbook/199566.html
321,https://www.douguo.com/cookbook/4046.html
322,https://www.douguo.com/cookbook/115530.html
323,https://www.douguo.com/cookbook/177450.html
324,https://www.douguo.com/cookbook/187300.html
325,https://www.douguo.com/cookbook/705560.html
326,https://www.douguo.com/cookbook/1083523.html
327,https://www.douguo.com/cookbook/779555.html
328,https://www.douguo.com/cookbook/190788.html
329,https://www.douguo.com/cookbook/546261.html
330,https://www.douguo.com/cookbook/1264711.html
331,https://www.douguo.com/cookbook/175196.html
332,https://www.douguo.com/cookbook/84540.html
333,https://www.douguo.com/cookbook/715645.html
334,https://www.douguo.com/cookbook/1418590.html
335,https://www.douguo.com/cookbook/983077.html
336,https://www.douguo.com/cookbook/192043.html
337,https://www.douguo.com/cookbook/1399987.html
338,https://www.douguo.com/cookbook/1355961.html
339,https://www.douguo.com/cookbook/1380973.html
340,https://www.douguo.com/cookbook/791127.html
341,https://www.douguo.com/cookbook/1278883.html
342,https://www.douguo.com/cookbook/1055798.html
343,https://www.douguo.com/cookbook/213259.html
344,https://www.douguo.com/cookbook/995034.html
345,https://www.douguo.com/cookbook/1395618.html
346,https://www.douguo.com/cookbook/1420237.html
347,https://www.douguo.com/cookbook/737273.html
348,https://www.douguo.com/cookbook/172710.html
349,https://www.douguo.com/cookbook/1218797.html
350,https://www.douguo.com/cookbook/1421046.html
351,https://www.douguo.com/cookbook/1199851.html
352,https://www.douguo.com/cookbook/759410.html
353,https://www.douguo.com/cookbook/1406373.html
354,https://www.douguo.com/cookbook/215178.html
355,https://www.douguo.com/cookbook/1420967.html
356,https://www.douguo.com/cookbook/1319703.html
357,https://www.douguo.com/cookbook/1352009.html
358,https://www.douguo.com/cookbook/1253622.html
359,https://www.douguo.com/cookbook/1128868.html
360,https://www.douguo.com/cookbook/210889.html
361,https://www.douguo.com/cookbook/176493.html
362,https://www.douguo.com/cookbook/1398077.html
363,https://www.douguo.com/cookbook/1419199.html
365,https://www.douguo.com/cookbook/966829.html
366,https://www.douguo.com/cookbook/824582.html
367,https://www.douguo.com/cookbook/968378.html
368,https://www.douguo.com/cookbook/1342422.html
369,https://www.douguo.com/cookbook/1283014.html
370,https://www.douguo.com/cookbook/285989.html
371,https://www.douguo.com/cookbook/176271.html
372,https://www.douguo.com/cookbook/198069.html
373,https://www.douguo.com/cookbook/972.html
374,https://www.douguo.com/cookbook/768922.html
375,https://www.douguo.com/cookbook/7778.html
376,https://www.douguo.com/cookbook/81293.html
377,https://www.douguo.com/cookbook/1218111.html
378,https://www.douguo.com/cookbook/213185.html
379,https://www.douguo.com/cookbook/1181479.html
380,https://www.douguo.com/cookbook/1629.html
381,https://www.douguo.com/cookbook/755013.html
382,https://www.douguo.com/cookbook/964893.html
383,https://www.douguo.com/cookbook/1249986.html
384,https://www.douguo.com/cookbook/1056677.html
385,https://www.douguo.com/cookbook/1102040.html
386,https://www.douguo.com/cookbook/1220155.html
387,https://www.douguo.com/cookbook/975555.html
388,https://www.douguo.com/cookbook/216662.html
389,https://www.douguo.com/cookbook/230671.html
390,https://www.douguo.com/cookbook/812808.html
391,https://www.douguo.com/cookbook/961715.html
392,https://www.douguo.com/cookbook/1346210.html
393,https://www.douguo.com/cookbook/161059.html
394,https://www.douguo.com/cookbook/6326.html
395,https://www.douguo.com/cookbook/1352138.html
396,https://www.douguo.com/cookbook/82717.html
397,https://www.douguo.com/cookbook/1074177.html
398,https://www.douguo.com/cookbook/1166678.html
399,https://www.douguo.com/cookbook/84769.html
400,https://www.douguo.com/cookbook/1093579.html
401,https://www.douguo.com/cookbook/1418842.html
403,https://www.douguo.com/cookbook/993158.html
404,https://www.douguo.com/cookbook/1417936.html
405,https://www.douguo.com/cookbook/1086274.html
406,https://www.douguo.com/cookbook/1324984.html
407,https://www.douguo.com/cookbook/1343557.html
408,https://www.douguo.com/cookbook/208793.html
409,https://www.douguo.com/cookbook/3423.html
410,https://www.douguo.com/cookbook/85953.html
411,https://www.douguo.com/cookbook/706361.html
413,https://www.douguo.com/cookbook/525.html
414,https://www.douguo.com/cookbook/86825.html
415,https://www.douguo.com/cookbook/815104.html
416,https://www.douguo.com/cookbook/9672.html
417,https://www.douguo.com/cookbook/1257386.html
418,https://www.douguo.com/cookbook/1102964.html
419,https://www.douguo.com/cookbook/283456.html
420,https://www.douguo.com/cookbook/3887.html
421,https://www.douguo.com/cookbook/1259948.html
422,https://www.douguo.com/cookbook/1425145.html
423,https://www.douguo.com/cookbook/706259.html
424,https://www.douguo.com/cookbook/178301.html
425,https://www.douguo.com/cookbook/1059458.html
426,https://www.douguo.com/cookbook/202309.html
427,https://www.douguo.com/cookbook/1355529.html
428,https://www.douguo.com/cookbook/200805.html
429,https://www.douguo.com/cookbook/983582.html
430,https://www.douguo.com/cookbook/1077302.html
431,https://www.douguo.com/cookbook/1418695.html
432,https://www.douguo.com/cookbook/87444.html
433,https://www.douguo.com/cookbook/751530.html
434,https://www.douguo.com/cookbook/1103457.html
435,https://www.douguo.com/cookbook/839220.html
436,https://www.douguo.com/cookbook/277490.html
437,https://www.douguo.com/cookbook/202318.html
438,https://www.douguo.com/cookbook/5259.html
439,https://www.douguo.com/cookbook/712699.html
440,https://www.douguo.com/cookbook/200858.html
441,https://www.douguo.com/cookbook/1213362.html
442,https://www.douguo.com/cookbook/185716.html
443,https://www.douguo.com/cookbook/87328.html
444,https://www.douguo.com/cookbook/1262785.html
445,https://www.douguo.com/cookbook/177103.html
446,https://www.douguo.com/cookbook/206956.html
447,https://www.douguo.com/cookbook/752797.html
448,https://www.douguo.com/cookbook/1214587.html
449,https://www.douguo.com/cookbook/213532.html
450,https://www.douguo.com/cookbook/1377895.html
451,https://www.douguo.com/cookbook/188051.html
452,https://www.douguo.com/cookbook/1373459.html
453,https://www.douguo.com/cookbook/1216603.html
454,https://www.douguo.com/cookbook/1169634.html
455,https://www.douguo.com/cookbook/86042.html
456,https://www.douguo.com/cookbook/187938.html
457,https://www.douguo.com/cookbook/607596.html
458,https://www.douguo.com/cookbook/1136821.html
459,https://www.douguo.com/cookbook/85008.html
461,https://www.douguo.com/cookbook/221691.html
462,https://www.douguo.com/cookbook/224864.html
463,https://www.douguo.com/cookbook/1051762.html
464,https://www.douguo.com/cookbook/212934.html
465,https://www.douguo.com/cookbook/1081371.html
466,https://www.douguo.com/cookbook/1318994.html
467,https://www.douguo.com/cookbook/9910.html
468,https://www.douguo.com/cookbook/320517.html
469,https://www.douguo.com/cookbook/81363.html
470,https://www.douguo.com/cookbook/219641.html
471,https://www.douguo.com/cookbook/86737.html
472,https://www.douguo.com/cookbook/1159063.html
473,https://www.douguo.com/cookbook/1410750.html
474,https://www.douguo.com/cookbook/1084769.html
475,https://www.douguo.com/cookbook/1355119.html
476,https://www.douguo.com/cookbook/1422272.html
477,https://www.douguo.com/cookbook/1670760.html
478,https://www.douguo.com/cookbook/786409.html
479,https://www.douguo.com/cookbook/1339428.html
480,https://www.douguo.com/cookbook/1204986.html
481,https://www.douguo.com/cookbook/178893.html
482,https://www.douguo.com/cookbook/1176930.html
483,https://www.douguo.com/cookbook/4396.html
484,https://www.douguo.com/cookbook/204438.html
485,https://www.douguo.com/cookbook/993791.html
486,https://www.douguo.com/cookbook/1051447.html
487,https://www.douguo.com/cookbook/196849.html
488,https://www.douguo.com/cookbook/3895.html
489,https://www.douguo.com/cookbook/756197.html
490,https://www.douguo.com/cookbook/212999.html
491,https://www.douguo.com/cookbook/1317662.html
492,https://www.douguo.com/cookbook/237526.html
493,https://www.douguo.com/cookbook/197904.html
494,https://www.douguo.com/cookbook/221754.html
495,https://www.douguo.com/cookbook/1418332.html
496,https://www.douguo.com/cookbook/1106599.html
497,https://www.douguo.com/cookbook/9383.html
498,https://www.douguo.com/cookbook/217066.html
499,https://www.douguo.com/cookbook/182488.html
500,https://www.douguo.com/cookbook/1150533.html
501,https://www.douguo.com/cookbook/152927.html
502,https://www.douguo.com/cookbook/1144828.html
503,https://www.douguo.com/cookbook/1421644.html
504,https://www.douguo.com/cookbook/1260732.html
505,https://www.douguo.com/cookbook/177302.html
506,https://www.douguo.com/cookbook/1189931.html
507,https://www.douguo.com/cookbook/1419098.html
508,https://www.douguo.com/cookbook/1114094.html
509,https://www.douguo.com/cookbook/1214968.html
510,https://www.douguo.com/cookbook/1566.html
511,https://www.douguo.com/cookbook/229049.html
512,https://www.douguo.com/cookbook/1073956.html
513,https://www.douguo.com/cookbook/1371146.html
514,https://www.douguo.com/cookbook/196057.html
515,https://www.douguo.com/cookbook/990159.html
516,https://www.douguo.com/cookbook/1245990.html
517,https://www.douguo.com/cookbook/1166386.html
518,https://www.douguo.com/cookbook/839198.html
519,https://www.douguo.com/cookbook/1308152.html
520,https://www.douguo.com/cookbook/1390993.html
521,https://www.douguo.com/cookbook/974703.html
522,https://www.douguo.com/cookbook/858725.html
523,https://www.douguo.com/cookbook/718569.html
524,https://www.douguo.com/cookbook/1103670.html
525,https://www.douguo.com/cookbook/1273069.html
526,https://www.douguo.com/cookbook/1335927.html
527,https://www.douguo.com/cookbook/1074424.html
528,https://www.douguo.com/cookbook/149242.html
529,https://www.douguo.com/cookbook/702816.html
530,https://www.douguo.com/cookbook/1361096.html
531,https://www.douguo.com/cookbook/984687.html
532,https://www.douguo.com/cookbook/1096940.html
533,https://www.douguo.com/cookbook/192110.html
534,https://www.douguo.com/cookbook/1153358.html
536,https://www.douguo.com/cookbook/785800.html
537,https://www.douguo.com/cookbook/766697.html
538,https://www.douguo.com/cookbook/1284360.html
539,https://www.douguo.com/cookbook/177258.html
540,https://www.douguo.com/cookbook/1417955.html
541,https://www.douguo.com/cookbook/1190448.html
542,https://www.douguo.com/cookbook/1179339.html
543,https://www.douguo.com/cookbook/1255941.html
544,https://www.douguo.com/cookbook/789607.html
545,https://www.douguo.com/cookbook/1295084.html
546,https://www.douguo.com/cookbook/1382252.html
547,https://www.douguo.com/cookbook/760525.html
548,https://www.douguo.com/cookbook/3497.html
549,https://www.douguo.com/cookbook/8239.html
550,https://www.douguo.com/cookbook/1418840.html
551,https://www.douguo.com/cookbook/1290314.html
552,https://www.douguo.com/cookbook/1253652.html
553,https://www.douguo.com/cookbook/1037065.html
554,https://www.douguo.com/cookbook/152786.html
555,https://www.douguo.com/cookbook/175125.html
556,https://www.douguo.com/cookbook/188820.html
557,https://www.douguo.com/cookbook/1341179.html
558,https://www.douguo.com/cookbook/1300107.html
559,https://www.douguo.com/cookbook/874344.html
560,https://www.douguo.com/cookbook/874336.html
561,https://www.douguo.com/cookbook/186901.html
562,https://www.douguo.com/cookbook/1408406.html
563,https://www.douguo.com/cookbook/242858.html
564,https://www.douguo.com/cookbook/1053351.html
565,https://www.douguo.com/cookbook/1189782.html
566,https://www.douguo.com/cookbook/1197701.html
567,https://www.douguo.com/cookbook/86679.html
568,https://www.douguo.com/cookbook/1203693.html
569,https://www.douguo.com/cookbook/987311.html
570,https://www.douguo.com/cookbook/1177077.html
571,https://www.douguo.com/cookbook/1424082.html
572,https://www.douguo.com/cookbook/3236.html
573,https://www.douguo.com/cookbook/9692.html
574,https://www.douguo.com/cookbook/752273.html
575,https://www.douguo.com/cookbook/221344.html
576,https://www.douguo.com/cookbook/204770.html
577,https://www.douguo.com/cookbook/1220093.html
578,https://www.douguo.com/cookbook/1290487.html
579,https://www.douguo.com/cookbook/224349.html
580,https://www.douguo.com/cookbook/1137403.html
581,https://www.douguo.com/cookbook/1413958.html
582,https://www.douguo.com/cookbook/1103581.html
583,https://www.douguo.com/cookbook/87045.html
584,https://www.douguo.com/cookbook/764800.html
585,https://www.douguo.com/cookbook/184874.html
586,https://www.douguo.com/cookbook/731951.html
587,https://www.douguo.com/cookbook/764258.html
588,https://www.douguo.com/cookbook/1326420.html
589,https://www.douguo.com/cookbook/1156699.html
590,https://www.douguo.com/cookbook/192885.html
591,https://www.douguo.com/cookbook/1330987.html
592,https://www.douguo.com/cookbook/728192.html
593,https://www.douguo.com/cookbook/1242726.html
594,https://www.douguo.com/cookbook/1357820.html
595,https://www.douguo.com/cookbook/1274408.html
596,https://www.douguo.com/cookbook/225641.html
597,https://www.douguo.com/cookbook/1160435.html
598,https://www.douguo.com/cookbook/3401.html
599,https://www.douguo.com/cookbook/1154851.html
600,https://www.douguo.com/cookbook/199016.html
601,https://www.douguo.com/cookbook/227891.html
602,https://www.douguo.com/cookbook/788879.html
603,https://www.douguo.com/cookbook/154044.html
604,https://www.douguo.com/cookbook/1249455.html
605,https://www.douguo.com/cookbook/1312492.html
606,https://www.douguo.com/cookbook/705368.html
607,https://www.douguo.com/cookbook/989513.html
608,https://www.douguo.com/cookbook/226987.html
610,https://www.douguo.com/cookbook/975095.html
611,https://www.douguo.com/cookbook/179760.html
612,https://www.douguo.com/cookbook/1349439.html
613,https://www.douguo.com/cookbook/985346.html
614,https://www.douguo.com/cookbook/1068164.html
615,https://www.douguo.com/cookbook/232373.html
616,https://www.douguo.com/cookbook/1380449.html
617,https://www.douguo.com/cookbook/1423120.html
618,https://www.douguo.com/cookbook/1421049.html
619,https://www.douguo.com/cookbook/1382802.html
620,https://www.douguo.com/cookbook/700183.html
621,https://www.douguo.com/cookbook/714774.html
622,https://www.douguo.com/cookbook/982635.html
623,https://www.douguo.com/cookbook/1068138.html
624,https://www.douguo.com/cookbook/1181115.html
625,https://www.douguo.com/cookbook/985895.html
626,https://www.douguo.com/cookbook/1255501.html
627,https://www.douguo.com/cookbook/754827.html
628,https://www.douguo.com/cookbook/766578.html
629,https://www.douguo.com/cookbook/210324.html
630,https://www.douguo.com/cookbook/974258.html
631,https://www.douguo.com/cookbook/1419608.html
632,https://www.douguo.com/cookbook/226522.html
633,https://www.douguo.com/cookbook/202576.html
634,https://www.douguo.com/cookbook/1171964.html
635,https://www.douguo.com/cookbook/428730.html
636,https://www.douguo.com/cookbook/1423506.html
637,https://www.douguo.com/cookbook/199810.html
638,https://www.douguo.com/cookbook/1296578.html
639,https://www.douguo.com/cookbook/86355.html
640,https://www.douguo.com/cookbook/771976.html
641,https://www.douguo.com/cookbook/699259.html
642,https://www.douguo.com/cookbook/1397912.html
643,https://www.douguo.com/cookbook/704694.html
644,https://www.douguo.com/cookbook/219863.html
645,https://www.douguo.com/cookbook/622764.html
646,https://www.douguo.com/cookbook/728334.html
647,https://www.douguo.com/cookbook/81566.html
648,https://www.douguo.com/cookbook/1298519.html
649,https://www.douguo.com/cookbook/1353586.html
650,https://www.douguo.com/cookbook/82077.html
651,https://www.douguo.com/cookbook/1325954.html
652,https://www.douguo.com/cookbook/199821.html
653,https://www.douguo.com/cookbook/733555.html
654,https://www.douguo.com/cookbook/813118.html
655,https://www.douguo.com/cookbook/1068782.html
656,https://www.douguo.com/cookbook/178562.html
657,https://www.douguo.com/cookbook/190112.html
658,https://www.douguo.com/cookbook/814338.html
659,https://www.douguo.com/cookbook/89751.html
660,https://www.douguo.com/cookbook/752889.html
661,https://www.douguo.com/cookbook/1238636.html
662,https://www.douguo.com/cookbook/1416359.html
664,https://www.douguo.com/cookbook/129.html
665,https://www.douguo.com/cookbook/1203725.html
666,https://www.douguo.com/cookbook/1426129.html
667,https://www.douguo.com/cookbook/188143.html
668,https://www.douguo.com/cookbook/3247.html
670,https://www.douguo.com/cookbook/1245055.html
671,https://www.douguo.com/cookbook/1138559.html
672,https://www.douguo.com/cookbook/230981.html
673,https://www.douguo.com/cookbook/1401087.html
674,https://www.douguo.com/cookbook/213747.html
675,https://www.douguo.com/cookbook/1399414.html
676,https://www.douguo.com/cookbook/1089140.html
677,https://www.douguo.com/cookbook/1059976.html
678,https://www.douguo.com/cookbook/1239454.html
679,https://www.douguo.com/cookbook/474744.html
680,https://www.douguo.com/cookbook/1133218.html
681,https://www.douguo.com/cookbook/1160791.html
682,https://www.douguo.com/cookbook/1055667.html
683,https://www.douguo.com/cookbook/755094.html
684,https://www.douguo.com/cookbook/64548.html
685,https://www.douguo.com/cookbook/202102.html
686,https://www.douguo.com/cookbook/1203038.html
687,https://www.douguo.com/cookbook/1064408.html
688,https://www.douguo.com/cookbook/330204.html
689,https://www.douguo.com/cookbook/1232825.html
690,https://www.douguo.com/cookbook/1312281.html
691,https://www.douguo.com/cookbook/203807.html
692,https://www.douguo.com/cookbook/1331914.html
693,https://www.douguo.com/cookbook/1146913.html
694,https://www.douguo.com/cookbook/1410048.html
695,https://www.douguo.com/cookbook/424960.html
696,https://www.douguo.com/cookbook/5876.html
697,https://www.douguo.com/cookbook/1128397.html
698,https://www.douguo.com/cookbook/1049879.html
699,https://www.douguo.com/cookbook/1069003.html
700,https://www.douguo.com/cookbook/1663642.html
701,https://www.douguo.com/cookbook/220707.html
702,https://www.douguo.com/cookbook/1321746.html
703,https://www.douguo.com/cookbook/153033.html
704,https://www.douguo.com/cookbook/1209026.html
705,https://www.douguo.com/cookbook/1102438.html
706,https://www.douguo.com/cookbook/162863.html
707,https://www.douguo.com/cookbook/997795.html
708,https://www.douguo.com/cookbook/1071554.html
709,https://www.douguo.com/cookbook/1397354.html
710,https://www.douguo.com/cookbook/1189042.html
711,https://www.douguo.com/cookbook/1355341.html
712,https://www.douguo.com/cookbook/1256991.html
713,https://www.douguo.com/cookbook/87048.html
714,https://www.douguo.com/cookbook/87032.html
716,https://www.douguo.com/cookbook/817065.html
717,https://www.douguo.com/cookbook/996320.html
718,https://www.douguo.com/cookbook/1390590.html
719,https://www.douguo.com/cookbook/1082658.html
720,https://www.douguo.com/cookbook/185756.html
721,https://www.douguo.com/cookbook/1377513.html
722,https://www.douguo.com/cookbook/1193169.html
723,https://www.douguo.com/cookbook/265197.html
724,https://www.douguo.com/cookbook/1407109.html
725,https://www.douguo.com/cookbook/1201129.html
726,https://www.douguo.com/cookbook/1068443.html
727,https://www.douguo.com/cookbook/84411.html
728,https://www.douguo.com/cookbook/1417420.html
729,https://www.douguo.com/cookbook/602832.html
730,https://www.douguo.com/cookbook/1136053.html
731,https://www.douguo.com/cookbook/983685.html
732,https://www.douguo.com/cookbook/1376237.html
733,https://www.douguo.com/cookbook/182029.html
734,https://www.douguo.com/cookbook/1275468.html
735,https://www.douguo.com/cookbook/1417926.html
736,https://www.douguo.com/cookbook/3794.html
737,https://www.douguo.com/cookbook/177361.html
738,https://www.douguo.com/cookbook/1344844.html
739,https://www.douguo.com/cookbook/1290809.html
740,https://www.douguo.com/cookbook/786682.html
741,https://www.douguo.com/cookbook/1322100.html
742,https://www.douguo.com/cookbook/228201.html
743,https://www.douguo.com/cookbook/1071534.html
744,https://www.douguo.com/cookbook/1335667.html
745,https://www.douguo.com/cookbook/1221715.html
746,https://www.douguo.com/cookbook/1120552.html
747,https://www.douguo.com/cookbook/1308342.html
748,https://www.douguo.com/cookbook/1183391.html
749,https://www.douguo.com/cookbook/1205523.html
750,https://www.douguo.com/cookbook/1212122.html
751,https://www.douguo.com/cookbook/814938.html
752,https://www.douguo.com/cookbook/207126.html
753,https://www.douguo.com/cookbook/956259.html
754,https://www.douguo.com/cookbook/1246796.html
755,https://www.douguo.com/cookbook/1344729.html
756,https://www.douguo.com/cookbook/229013.html
757,https://www.douguo.com/cookbook/179538.html
758,https://www.douguo.com/cookbook/158.html
759,https://www.douguo.com/cookbook/1342723.html
760,https://www.douguo.com/cookbook/1060049.html
761,https://www.douguo.com/cookbook/1360655.html
762,https://www.douguo.com/cookbook/1420849.html
763,https://www.douguo.com/cookbook/1164830.html
764,https://www.douguo.com/cookbook/203495.html
765,https://www.douguo.com/cookbook/183873.html
766,https://www.douguo.com/cookbook/1218105.html
767,https://www.douguo.com/cookbook/1233453.html
768,https://www.douguo.com/cookbook/4414.html
769,https://www.douguo.com/cookbook/714733.html
770,https://www.douguo.com/cookbook/1424366.html
771,https://www.douguo.com/cookbook/991574.html
772,https://www.douguo.com/cookbook/1357060.html
773,https://www.douguo.com/cookbook/1229812.html
774,https://www.douguo.com/cookbook/1215777.html
775,https://www.douguo.com/cookbook/152865.html
776,https://www.douguo.com/cookbook/329870.html
777,https://www.douguo.com/cookbook/1304024.html
778,https://www.douguo.com/cookbook/811597.html
779,https://www.douguo.com/cookbook/1097100.html
780,https://www.douguo.com/cookbook/1155735.html
781,https://www.douguo.com/cookbook/204381.html
782,https://www.douguo.com/cookbook/1098472.html
783,https://www.douguo.com/cookbook/1148787.html
784,https://www.douguo.com/cookbook/1378469.html
785,https://www.douguo.com/cookbook/859739.html
786,https://www.douguo.com/cookbook/222666.html
787,https://www.douguo.com/cookbook/1079840.html
788,https://www.douguo.com/cookbook/292977.html
789,https://www.douguo.com/cookbook/1313112.html
790,https://www.douguo.com/cookbook/986069.html
791,https://www.douguo.com/cookbook/1192138.html
792,https://www.douguo.com/cookbook/722889.html
793,https://www.douguo.com/cookbook/217750.html
794,https://www.douguo.com/cookbook/1137335.html
795,https://www.douguo.com/cookbook/735866.html
796,https://www.douguo.com/cookbook/192371.html
797,https://www.douguo.com/cookbook/1304026.html
798,https://www.douguo.com/cookbook/973463.html
799,https://www.douguo.com/cookbook/1110436.html
800,https://www.douguo.com/cookbook/207068.html
801,https://www.douguo.com/cookbook/2452.html
802,https://www.douguo.com/cookbook/1340975.html
803,https://www.douguo.com/cookbook/174526.html
804,https://www.douguo.com/cookbook/90061.html
805,https://www.douguo.com/cookbook/4315.html
806,https://www.douguo.com/cookbook/743208.html
807,https://www.douguo.com/cookbook/784091.html
808,https://www.douguo.com/cookbook/727574.html
809,https://www.douguo.com/cookbook/1302496.html
810,https://www.douguo.com/cookbook/193129.html
811,https://www.douguo.com/cookbook/455619.html
812,https://www.douguo.com/cookbook/986734.html
813,https://www.douguo.com/cookbook/1274567.html
814,https://www.douguo.com/cookbook/1419306.html
815,https://www.douguo.com/cookbook/1131879.html
816,https://www.douguo.com/cookbook/197144.html
817,https://www.douguo.com/cookbook/1054220.html
818,https://www.douguo.com/cookbook/8982.html
819,https://www.douguo.com/cookbook/188634.html
820,https://www.douguo.com/cookbook/723255.html
821,https://www.douguo.com/cookbook/213739.html
822,https://www.douguo.com/cookbook/1376479.html
823,https://www.douguo.com/cookbook/992142.html
824,https://www.douguo.com/cookbook/1386222.html
825,https://www.douguo.com/cookbook/1075078.html
826,https://www.douguo.com/cookbook/69.html
827,https://www.douguo.com/cookbook/208115.html
828,https://www.douguo.com/cookbook/1190900.html
829,https://www.douguo.com/cookbook/1159.html
830,https://www.douguo.com/cookbook/1231997.html
831,https://www.douguo.com/cookbook/1108068.html
832,https://www.douguo.com/cookbook/1300240.html
833,https://www.douguo.com/cookbook/1424711.html
834,https://www.douguo.com/cookbook/89900.html
835,https://www.douguo.com/cookbook/1250220.html
836,https://www.douguo.com/cookbook/729863.html
837,https://www.douguo.com/cookbook/1224199.html
838,https://www.douguo.com/cookbook/1183611.html
839,https://www.douguo.com/cookbook/1420947.html
840,https://www.douguo.com/cookbook/1332531.html
841,https://www.douguo.com/cookbook/1375366.html
842,https://www.douguo.com/cookbook/1333194.html
843,https://www.douguo.com/cookbook/104.html
844,https://www.douguo.com/cookbook/1175602.html
845,https://www.douguo.com/cookbook/66779.html
846,https://www.douguo.com/cookbook/1203375.html
847,https://www.douguo.com/cookbook/1208225.html
848,https://www.douguo.com/cookbook/1132869.html
849,https://www.douguo.com/cookbook/1293041.html
850,https://www.douguo.com/cookbook/729145.html
851,https://www.douguo.com/cookbook/223572.html
852,https://www.douguo.com/cookbook/182011.html
853,https://www.douguo.com/cookbook/1333451.html
854,https://www.douguo.com/cookbook/701357.html
855,https://www.douguo.com/cookbook/700194.html
856,https://www.douguo.com/cookbook/1267094.html
857,https://www.douguo.com/cookbook/547.html
858,https://www.douguo.com/cookbook/128188.html
859,https://www.douguo.com/cookbook/1137745.html
860,https://www.douguo.com/cookbook/1198022.html
861,https://www.douguo.com/cookbook/1065348.html
862,https://www.douguo.com/cookbook/1881.html
863,https://www.douguo.com/cookbook/1098323.html
864,https://www.douguo.com/cookbook/1084074.html
865,https://www.douguo.com/cookbook/1213884.html
866,https://www.douguo.com/cookbook/177588.html
867,https://www.douguo.com/cookbook/188017.html
868,https://www.douguo.com/cookbook/960573.html
870,https://www.douguo.com/cookbook/1419193.html
871,https://www.douguo.com/cookbook/1051568.html
872,https://www.douguo.com/cookbook/1297199.html
873,https://www.douguo.com/cookbook/1141424.html
874,https://www.douguo.com/cookbook/1195099.html
875,https://www.douguo.com/cookbook/983666.html
876,https://www.douguo.com/cookbook/1125936.html
877,https://www.douguo.com/cookbook/1097843.html
878,https://www.douguo.com/cookbook/230048.html
879,https://www.douguo.com/cookbook/1359275.html
880,https://www.douguo.com/cookbook/709259.html
881,https://www.douguo.com/cookbook/1291489.html
882,https://www.douguo.com/cookbook/839150.html
883,https://www.douguo.com/cookbook/808576.html
884,https://www.douguo.com/cookbook/1251044.html
885,https://www.douguo.com/cookbook/1165791.html
886,https://www.douguo.com/cookbook/1125546.html
887,https://www.douguo.com/cookbook/3546.html
888,https://www.douguo.com/cookbook/1363611.html
889,https://www.douguo.com/cookbook/1109601.html
890,https://www.douguo.com/cookbook/698817.html
891,https://www.douguo.com/cookbook/1230456.html
892,https://www.douguo.com/cookbook/1249499.html
893,https://www.douguo.com/cookbook/1293761.html
894,https://www.douguo.com/cookbook/1238671.html
895,https://www.douguo.com/cookbook/208277.html
896,https://www.douguo.com/cookbook/754947.html
897,https://www.douguo.com/cookbook/1281053.html
898,https://www.douguo.com/cookbook/1420686.html
899,https://www.douguo.com/cookbook/224583.html
900,https://www.douguo.com/cookbook/701276.html
901,https://www.douguo.com/cookbook/239298.html
902,https://www.douguo.com/cookbook/211764.html
903,https://www.douguo.com/cookbook/1333667.html
904,https://www.douguo.com/cookbook/180445.html
905,https://www.douguo.com/cookbook/1425184.html
906,https://www.douguo.com/cookbook/179717.html
907,https://www.douguo.com/cookbook/1235090.html
908,https://www.douguo.com/cookbook/1205059.html
909,https://www.douguo.com/cookbook/749380.html
910,https://www.douguo.com/cookbook/176029.html
911,https://www.douguo.com/cookbook/262955.html
912,https://www.douguo.com/cookbook/1231129.html
913,https://www.douguo.com/cookbook/83332.html
914,https://www.douguo.com/cookbook/992788.html
915,https://www.douguo.com/cookbook/1340545.html
917,https://www.douguo.com/cookbook/1397036.html
918,https://www.douguo.com/cookbook/216643.html
919,https://www.douguo.com/cookbook/85688.html
920,https://www.douguo.com/cookbook/1056193.html
921,https://www.douguo.com/cookbook/1315951.html
922,https://www.douguo.com/cookbook/1245720.html
923,https://www.douguo.com/cookbook/1276583.html
924,https://www.douguo.com/cookbook/1099123.html
925,https://www.douguo.com/cookbook/871883.html
926,https://www.douguo.com/cookbook/1266188.html
927,https://www.douguo.com/cookbook/1403618.html
928,https://www.douguo.com/cookbook/1242300.html
929,https://www.douguo.com/cookbook/185394.html
930,https://www.douguo.com/cookbook/703364.html
931,https://www.douguo.com/cookbook/1113891.html
932,https://www.douguo.com/cookbook/3917.html
933,https://www.douguo.com/cookbook/179758.html
934,https://www.douguo.com/cookbook/196619.html
935,https://www.douguo.com/cookbook/176856.html
936,https://www.douguo.com/cookbook/214038.html
937,https://www.douguo.com/cookbook/179732.html
939,https://www.douguo.com/cookbook/1155338.html
940,https://www.douguo.com/cookbook/1152815.html
941,https://www.douguo.com/cookbook/1164457.html
942,https://www.douguo.com/cookbook/1180091.html
943,https://www.douguo.com/cookbook/1122411.html
944,https://www.douguo.com/cookbook/1134085.html
945,https://www.douguo.com/cookbook/1096818.html
946,https://www.douguo.com/cookbook/1419947.html
947,https://www.douguo.com/cookbook/228568.html
948,https://www.douguo.com/cookbook/210008.html
949,https://www.douguo.com/cookbook/1253481.html
950,https://www.douguo.com/cookbook/1075230.html
951,https://www.douguo.com/cookbook/1193778.html
952,https://www.douguo.com/cookbook/1166853.html
953,https://www.douguo.com/cookbook/313807.html
954,https://www.douguo.com/cookbook/204871.html
955,https://www.douguo.com/cookbook/1154600.html
956,https://www.douguo.com/cookbook/1345880.html
957,https://www.douguo.com/cookbook/1082309.html
958,https://www.douguo.com/cookbook/1286231.html
959,https://www.douguo.com/cookbook/1347833.html
960,https://www.douguo.com/cookbook/1082306.html
961,https://www.douguo.com/cookbook/1271160.html
962,https://www.douguo.com/cookbook/785341.html
963,https://www.douguo.com/cookbook/1285212.html
964,https://www.douguo.com/cookbook/1176026.html
965,https://www.douguo.com/cookbook/730495.html
966,https://www.douguo.com/cookbook/1301970.html
967,https://www.douguo.com/cookbook/1353736.html
968,https://www.douguo.com/cookbook/733825.html
969,https://www.douguo.com/cookbook/1414570.html
970,https://www.douguo.com/cookbook/1658726.html
971,https://www.douguo.com/cookbook/170890.html
972,https://www.douguo.com/cookbook/1353056.html
973,https://www.douguo.com/cookbook/457544.html
974,https://www.douguo.com/cookbook/214302.html
975,https://www.douguo.com/cookbook/1049135.html
976,https://www.douguo.com/cookbook/221167.html
977,https://www.douguo.com/cookbook/1129482.html
978,https://www.douguo.com/cookbook/359703.html
979,https://www.douguo.com/cookbook/81953.html
980,https://www.douguo.com/cookbook/1345091.html
981,https://www.douguo.com/cookbook/1381705.html
982,https://www.douguo.com/cookbook/210002.html
983,https://www.douguo.com/cookbook/1294907.html
984,https://www.douguo.com/cookbook/175163.html
985,https://www.douguo.com/cookbook/781824.html
986,https://www.douguo.com/cookbook/1061807.html
987,https://www.douguo.com/cookbook/1165888.html
988,https://www.douguo.com/cookbook/149862.html
989,https://www.douguo.com/cookbook/182244.html
990,https://www.douguo.com/cookbook/1367686.html
991,https://www.douguo.com/cookbook/1166074.html
992,https://www.douguo.com/cookbook/1103311.html
993,https://www.douguo.com/cookbook/3436.html
994,https://www.douguo.com/cookbook/8084.html
995,https://www.douguo.com/cookbook/1236080.html
996,https://www.douguo.com/cookbook/1293559.html
997,https://www.douguo.com/cookbook/1420847.html
998,https://www.douguo.com/cookbook/1244854.html
999,https://www.douguo.com/cookbook/174807.html
1001,https://www.douguo.com/cookbook/728890.html
1002,https://www.douguo.com/cookbook/1236604.html
1003,https://www.douguo.com/cookbook/1287241.html
1004,https://www.douguo.com/cookbook/1300760.html
1005,https://www.douguo.com/cookbook/1313272.html
1006,https://www.douguo.com/cookbook/1128734.html
1007,https://www.douguo.com/cookbook/196103.html
1008,https://www.douguo.com/cookbook/1369497.html
1009,https://www.douguo.com/cookbook/1332070.html
1010,https://www.douguo.com/cookbook/1327150.html
1011,https://www.douguo.com/cookbook/1223548.html
1012,https://www.douguo.com/cookbook/226307.html
1014,https://www.douguo.com/cookbook/790006.html
1015,https://www.douguo.com/cookbook/1100849.html
1016,https://www.douguo.com/cookbook/202983.html
1017,https://www.douguo.com/cookbook/784334.html
1018,https://www.douguo.com/cookbook/80429.html
1019,https://www.douguo.com/cookbook/1288664.html
1020,https://www.douguo.com/cookbook/6882.html
1021,https://www.douguo.com/cookbook/227808.html
1022,https://www.douguo.com/cookbook/1418693.html
1023,https://www.douguo.com/cookbook/1117752.html
1024,https://www.douguo.com/cookbook/329839.html
1025,https://www.douguo.com/cookbook/7672.html
1026,https://www.douguo.com/cookbook/1122663.html
1027,https://www.douguo.com/cookbook/1258094.html
1028,https://www.douguo.com/cookbook/1137611.html
1029,https://www.douguo.com/cookbook/1055753.html
1030,https://www.douguo.com/cookbook/1172729.html
1031,https://www.douguo.com/cookbook/193754.html
1032,https://www.douguo.com/cookbook/2073.html
1033,https://www.douguo.com/cookbook/1346647.html
1034,https://www.douguo.com/cookbook/200441.html
1035,https://www.douguo.com/cookbook/234970.html
1036,https://www.douguo.com/cookbook/1092157.html
1037,https://www.douguo.com/cookbook/777253.html
1038,https://www.douguo.com/cookbook/210934.html
1039,https://www.douguo.com/cookbook/1217139.html
1040,https://www.douguo.com/cookbook/1094231.html
1041,https://www.douguo.com/cookbook/716929.html
1042,https://www.douguo.com/cookbook/1235228.html
1043,https://www.douguo.com/cookbook/1355148.html
1044,https://www.douguo.com/cookbook/1097450.html
1045,https://www.douguo.com/cookbook/776980.html
1046,https://www.douguo.com/cookbook/1284008.html
1047,https://www.douguo.com/cookbook/1274702.html
1048,https://www.douguo.com/cookbook/1302395.html
1049,https://www.douguo.com/cookbook/732152.html
1050,https://www.douguo.com/cookbook/192673.html
1051,https://www.douguo.com/cookbook/1305345.html
1052,https://www.douguo.com/cookbook/1350659.html
1053,https://www.douguo.com/cookbook/1151035.html
1054,https://www.douguo.com/cookbook/774361.html
1055,https://www.douguo.com/cookbook/1117137.html
1056,https://www.douguo.com/cookbook/1131453.html
1057,https://www.douguo.com/cookbook/1160836.html
1058,https://www.douguo.com/cookbook/1249667.html
1059,https://www.douguo.com/cookbook/1318047.html
1060,https://www.douguo.com/cookbook/721524.html
1061,https://www.douguo.com/cookbook/1137221.html
1062,https://www.douguo.com/cookbook/792571.html
1063,https://www.douguo.com/cookbook/3791.html
1064,https://www.douguo.com/cookbook/1357264.html
1065,https://www.douguo.com/cookbook/3483.html
1066,https://www.douguo.com/cookbook/1101700.html
1067,https://www.douguo.com/cookbook/82263.html
1068,https://www.douguo.com/cookbook/207117.html
1069,https://www.douguo.com/cookbook/775955.html
1070,https://www.douguo.com/cookbook/179963.html
1071,https://www.douguo.com/cookbook/1130519.html
1072,https://www.douguo.com/cookbook/1078587.html
1073,https://www.douguo.com/cookbook/1298725.html
1074,https://www.douguo.com/cookbook/6069.html
1075,https://www.douguo.com/cookbook/1210407.html
1077,https://www.douguo.com/cookbook/1127865.html
1078,https://www.douguo.com/cookbook/1207147.html
1079,https://www.douguo.com/cookbook/774872.html
1080,https://www.douguo.com/cookbook/767538.html
1081,https://www.douguo.com/cookbook/1319613.html
1082,https://www.douguo.com/cookbook/774395.html
1083,https://www.douguo.com/cookbook/229383.html
1084,https://www.douguo.com/cookbook/983134.html
1086,https://www.douguo.com/cookbook/1054410.html
1087,https://www.douguo.com/cookbook/1340632.html
1088,https://www.douguo.com/cookbook/1290116.html
1089,https://www.douguo.com/cookbook/1237077.html
1090,https://www.douguo.com/cookbook/1232160.html
1091,https://www.douguo.com/cookbook/263182.html
1092,https://www.douguo.com/cookbook/1224974.html
1093,https://www.douguo.com/cookbook/1249479.html
1094,https://www.douguo.com/cookbook/1669261.html
1095,https://www.douguo.com/cookbook/1185820.html
1096,https://www.douguo.com/cookbook/1295019.html
1097,https://www.douguo.com/cookbook/1423671.html
1098,https://www.douguo.com/cookbook/191127.html
1099,https://www.douguo.com/cookbook/1103132.html
1100,https://www.douguo.com/cookbook/1288525.html
1101,https://www.douguo.com/cookbook/193716.html
1102,https://www.douguo.com/cookbook/196146.html
1103,https://www.douguo.com/cookbook/1055062.html
1104,https://www.douguo.com/cookbook/215541.html
1105,https://www.douguo.com/cookbook/1143631.html
1106,https://www.douguo.com/cookbook/1096875.html
1107,https://www.douguo.com/cookbook/196497.html
1108,https://www.douguo.com/cookbook/198615.html
1109,https://www.douguo.com/cookbook/730320.html
1110,https://www.douguo.com/cookbook/1102225.html
1111,https://www.douguo.com/cookbook/1179945.html
1112,https://www.douguo.com/cookbook/3251.html
1113,https://www.douguo.com/cookbook/1263159.html
1114,https://www.douguo.com/cookbook/1044823.html
1115,https://www.douguo.com/cookbook/1161784.html
1116,https://www.douguo.com/cookbook/85115.html
1117,https://www.douguo.com/cookbook/184877.html
1118,https://www.douguo.com/cookbook/1213305.html
1119,https://www.douguo.com/cookbook/1365127.html
1120,https://www.douguo.com/cookbook/1318423.html
1121,https://www.douguo.com/cookbook/1098922.html
1122,https://www.douguo.com/cookbook/1409277.html
1123,https://www.douguo.com/cookbook/1289656.html
1124,https://www.douguo.com/cookbook/231464.html
1125,https://www.douguo.com/cookbook/1042914.html
1126,https://www.douguo.com/cookbook/719685.html
1127,https://www.douguo.com/cookbook/1188301.html
1128,https://www.douguo.com/cookbook/1419125.html
1129,https://www.douguo.com/cookbook/1195699.html
1131,https://www.douguo.com/cookbook/1293791.html
1132,https://www.douguo.com/cookbook/90680.html
1133,https://www.douguo.com/cookbook/1177412.html
1134,https://www.douguo.com/cookbook/810249.html
1135,https://www.douguo.com/cookbook/1368285.html
1136,https://www.douguo.com/cookbook/152906.html
1137,https://www.douguo.com/cookbook/1146910.html
1138,https://www.douguo.com/cookbook/777938.html
1139,https://www.douguo.com/cookbook/975612.html
1140,https://www.douguo.com/cookbook/174502.html
1141,https://www.douguo.com/cookbook/728483.html
1142,https://www.douguo.com/cookbook/312056.html
1143,https://www.douguo.com/cookbook/780628.html
1145,https://www.douguo.com/cookbook/1065934.html
